<ns1:ServiceDescription introduceVersion="1.3" xmlns:ns1="gme://gov.nih.nci.cagrid/1/Introduce">
 <ns2:Namespaces xsi:type="ns2:NamespacesType" xmlns:ns2="gme://gov.nih.nci.cagrid.introduce/1/Namespace" xmlns:xsi="http://www.w3.org/2001/XMLSchema-instance">
  <ns2:Namespace generateStubs="false" namespace="http://www.w3.org/2001/XMLSchema" xsi:type="ns2:NamespaceType">
   <ns2:SchemaElement type="anySimpleType" xsi:type="ns2:SchemaElementType"/>
   <ns2:SchemaElement type="anyType" xsi:type="ns2:SchemaElementType"/>
   <ns2:SchemaElement type="anyURI" xsi:type="ns2:SchemaElementType"/>
   <ns2:SchemaElement type="base64Binary" xsi:type="ns2:SchemaElementType"/>
   <ns2:SchemaElement type="boolean" xsi:type="ns2:SchemaElementType"/>
   <ns2:SchemaElement type="byte" xsi:type="ns2:SchemaElementType"/>
   <ns2:SchemaElement type="date" xsi:type="ns2:SchemaElementType"/>
   <ns2:SchemaElement type="dateTime" xsi:type="ns2:SchemaElementType"/>
   <ns2:SchemaElement type="decimal" xsi:type="ns2:SchemaElementType"/>
   <ns2:SchemaElement type="double" xsi:type="ns2:SchemaElementType"/>
   <ns2:SchemaElement type="duration" xsi:type="ns2:SchemaElementType"/>
   <ns2:SchemaElement type="ENTITIES" xsi:type="ns2:SchemaElementType"/>
   <ns2:SchemaElement type="ENTITY" xsi:type="ns2:SchemaElementType"/>
   <ns2:SchemaElement type="float" xsi:type="ns2:SchemaElementType"/>
   <ns2:SchemaElement type="gDay" xsi:type="ns2:SchemaElementType"/>
   <ns2:SchemaElement type="gMonth" xsi:type="ns2:SchemaElementType"/>
   <ns2:SchemaElement type="gMonthDay" xsi:type="ns2:SchemaElementType"/>
   <ns2:SchemaElement type="gYear" xsi:type="ns2:SchemaElementType"/>
   <ns2:SchemaElement type="gYearMonth" xsi:type="ns2:SchemaElementType"/>
   <ns2:SchemaElement type="hexBinary" xsi:type="ns2:SchemaElementType"/>
   <ns2:SchemaElement type="ID" xsi:type="ns2:SchemaElementType"/>
   <ns2:SchemaElement type="IDREF" xsi:type="ns2:SchemaElementType"/>
   <ns2:SchemaElement type="IDREFS" xsi:type="ns2:SchemaElementType"/>
   <ns2:SchemaElement type="int" xsi:type="ns2:SchemaElementType"/>
   <ns2:SchemaElement type="integer" xsi:type="ns2:SchemaElementType"/>
   <ns2:SchemaElement type="language" xsi:type="ns2:SchemaElementType"/>
   <ns2:SchemaElement type="long" xsi:type="ns2:SchemaElementType"/>
   <ns2:SchemaElement type="Name" xsi:type="ns2:SchemaElementType"/>
   <ns2:SchemaElement type="NCName" xsi:type="ns2:SchemaElementType"/>
   <ns2:SchemaElement type="negativeInteger" xsi:type="ns2:SchemaElementType"/>
   <ns2:SchemaElement type="NMTOKEN" xsi:type="ns2:SchemaElementType"/>
   <ns2:SchemaElement type="NMTOKENS" xsi:type="ns2:SchemaElementType"/>
   <ns2:SchemaElement type="nonNegativeInteger" xsi:type="ns2:SchemaElementType"/>
   <ns2:SchemaElement type="nonPositiveInteger" xsi:type="ns2:SchemaElementType"/>
   <ns2:SchemaElement type="normalizedString" xsi:type="ns2:SchemaElementType"/>
   <ns2:SchemaElement type="NOTATION" xsi:type="ns2:SchemaElementType"/>
   <ns2:SchemaElement type="positiveInteger" xsi:type="ns2:SchemaElementType"/>
   <ns2:SchemaElement type="QName" xsi:type="ns2:SchemaElementType"/>
   <ns2:SchemaElement type="short" xsi:type="ns2:SchemaElementType"/>
   <ns2:SchemaElement type="string" xsi:type="ns2:SchemaElementType"/>
   <ns2:SchemaElement type="time" xsi:type="ns2:SchemaElementType"/>
   <ns2:SchemaElement type="token" xsi:type="ns2:SchemaElementType"/>
   <ns2:SchemaElement type="unsignedByte" xsi:type="ns2:SchemaElementType"/>
   <ns2:SchemaElement type="unsignedInt" xsi:type="ns2:SchemaElementType"/>
   <ns2:SchemaElement type="unsignedLong" xsi:type="ns2:SchemaElementType"/>
   <ns2:SchemaElement type="unsignedShort" xsi:type="ns2:SchemaElementType"/>
  </ns2:Namespace>
  <ns2:Namespace location="./CBMTypes.xsd" namespace="http://cbm.cagrid.org/CBM/types" packageName="org.cagrid.cbm.stubs.types" xsi:type="ns2:NamespaceType">
   <ns2:SchemaElement type="CBMReference" xsi:type="ns2:SchemaElementType"/>
  </ns2:Namespace>
  <ns2:Namespace generateStubs="false" location="./xsd/cagrid/types/security/security.xsd" namespace="gme://caGrid.caBIG/1.0/gov.nih.nci.cagrid.metadata.security" packageName="gov.nih.nci.cagrid.metadata.security" xsi:type="ns2:NamespaceType">
   <ns2:SchemaElement type="CommunicationMechanism" xsi:type="ns2:SchemaElementType"/>
   <ns2:SchemaElement type="CommunicationStyle" xsi:type="ns2:SchemaElementType"/>
   <ns2:SchemaElement type="GSISecureConversation" xsi:type="ns2:SchemaElementType"/>
   <ns2:SchemaElement type="GSISecureMessage" xsi:type="ns2:SchemaElementType"/>
   <ns2:SchemaElement type="GSITransport" xsi:type="ns2:SchemaElementType"/>
   <ns2:SchemaElement type="None" xsi:type="ns2:SchemaElementType"/>
   <ns2:SchemaElement type="Operation" xsi:type="ns2:SchemaElementType"/>
   <ns2:SchemaElement type="ServiceSecurityMetadata" xsi:type="ns2:SchemaElementType"/>
  </ns2:Namespace>
  <ns2:Namespace location="gov.nih.nci.cbm.domain.LogicalModel.xsd" namespace="gme://caCORE.caCORE/3.2/gov.nih.nci.cbm.domain.LogicalModel" packageName="gov.nih.nci.cbm.domain.LogicalModel" xsi:type="ns2:NamespaceType">
   <ns2:SchemaElement className="Address" deserializer="org.cagrid.iso21090.sdkquery.encoding.SDK43DeserializerFactory" packageName="gov.nih.nci.cbm.domain.LogicalModel" serializer="org.cagrid.iso21090.sdkquery.encoding.SDK43SerializerFactory" type="Address" xsi:type="ns2:SchemaElementType"/>
   <ns2:SchemaElement className="AnnotationAvailabilityProfile" deserializer="org.cagrid.iso21090.sdkquery.encoding.SDK43DeserializerFactory" packageName="gov.nih.nci.cbm.domain.LogicalModel" serializer="org.cagrid.iso21090.sdkquery.encoding.SDK43SerializerFactory" type="AnnotationAvailabilityProfile" xsi:type="ns2:SchemaElementType"/>
   <ns2:SchemaElement className="CollectionProtocol" deserializer="org.cagrid.iso21090.sdkquery.encoding.SDK43DeserializerFactory" packageName="gov.nih.nci.cbm.domain.LogicalModel" serializer="org.cagrid.iso21090.sdkquery.encoding.SDK43SerializerFactory" type="CollectionProtocol" xsi:type="ns2:SchemaElementType"/>
   <ns2:SchemaElement className="Diagnosis" deserializer="org.cagrid.iso21090.sdkquery.encoding.SDK43DeserializerFactory" packageName="gov.nih.nci.cbm.domain.LogicalModel" serializer="org.cagrid.iso21090.sdkquery.encoding.SDK43SerializerFactory" type="Diagnosis" xsi:type="ns2:SchemaElementType"/>
   <ns2:SchemaElement className="Institution" deserializer="org.cagrid.iso21090.sdkquery.encoding.SDK43DeserializerFactory" packageName="gov.nih.nci.cbm.domain.LogicalModel" serializer="org.cagrid.iso21090.sdkquery.encoding.SDK43SerializerFactory" type="Institution" xsi:type="ns2:SchemaElementType"/>
   <ns2:SchemaElement className="Organization" deserializer="org.cagrid.iso21090.sdkquery.encoding.SDK43DeserializerFactory" packageName="gov.nih.nci.cbm.domain.LogicalModel" serializer="org.cagrid.iso21090.sdkquery.encoding.SDK43SerializerFactory" type="Organization" xsi:type="ns2:SchemaElementType"/>
   <ns2:SchemaElement className="ParticipantCollectionSummary" deserializer="org.cagrid.iso21090.sdkquery.encoding.SDK43DeserializerFactory" packageName="gov.nih.nci.cbm.domain.LogicalModel" serializer="org.cagrid.iso21090.sdkquery.encoding.SDK43SerializerFactory" type="ParticipantCollectionSummary" xsi:type="ns2:SchemaElementType"/>
   <ns2:SchemaElement className="Person" deserializer="org.cagrid.iso21090.sdkquery.encoding.SDK43DeserializerFactory" packageName="gov.nih.nci.cbm.domain.LogicalModel" serializer="org.cagrid.iso21090.sdkquery.encoding.SDK43SerializerFactory" type="Person" xsi:type="ns2:SchemaElementType"/>
   <ns2:SchemaElement className="Preservation" deserializer="org.cagrid.iso21090.sdkquery.encoding.SDK43DeserializerFactory" packageName="gov.nih.nci.cbm.domain.LogicalModel" serializer="org.cagrid.iso21090.sdkquery.encoding.SDK43SerializerFactory" type="Preservation" xsi:type="ns2:SchemaElementType"/>
   <ns2:SchemaElement className="Race" deserializer="org.cagrid.iso21090.sdkquery.encoding.SDK43DeserializerFactory" packageName="gov.nih.nci.cbm.domain.LogicalModel" serializer="org.cagrid.iso21090.sdkquery.encoding.SDK43SerializerFactory" type="Race" xsi:type="ns2:SchemaElementType"/>
   <ns2:SchemaElement className="SpecimenAvailabilitySummaryProfile" deserializer="org.cagrid.iso21090.sdkquery.encoding.SDK43DeserializerFactory" packageName="gov.nih.nci.cbm.domain.LogicalModel" serializer="org.cagrid.iso21090.sdkquery.encoding.SDK43SerializerFactory" type="SpecimenAvailabilitySummaryProfile" xsi:type="ns2:SchemaElementType"/>
   <ns2:SchemaElement className="SpecimenCollectionContact" deserializer="org.cagrid.iso21090.sdkquery.encoding.SDK43DeserializerFactory" packageName="gov.nih.nci.cbm.domain.LogicalModel" serializer="org.cagrid.iso21090.sdkquery.encoding.SDK43SerializerFactory" type="SpecimenCollectionContact" xsi:type="ns2:SchemaElementType"/>
   <ns2:SchemaElement className="SpecimenCollectionSummary" deserializer="org.cagrid.iso21090.sdkquery.encoding.SDK43DeserializerFactory" packageName="gov.nih.nci.cbm.domain.LogicalModel" serializer="org.cagrid.iso21090.sdkquery.encoding.SDK43SerializerFactory" type="SpecimenCollectionSummary" xsi:type="ns2:SchemaElementType"/>
  </ns2:Namespace>
  <ns2:Namespace generateStubs="false" location="./xsd/cagrid/types/caGridMetadata.xsd" namespace="gme://caGrid.caBIG/1.0/gov.nih.nci.cagrid.metadata" packageName="gov.nih.nci.cagrid.metadata" xsi:type="ns2:NamespaceType">
   <ns2:SchemaElement type="ServiceMetadata" xsi:type="ns2:SchemaElementType"/>
  </ns2:Namespace>
  <ns2:Namespace generateStubs="false" location="./xsd/cagrid/types/service/servicemodel.xsd" namespace="gme://caGrid.caBIG/1.0/gov.nih.nci.cagrid.metadata.service" packageName="gov.nih.nci.cagrid.metadata.service" xsi:type="ns2:NamespaceType">
   <ns2:SchemaElement type="CaDSRRegistration" xsi:type="ns2:SchemaElementType"/>
   <ns2:SchemaElement type="ContextProperty" xsi:type="ns2:SchemaElementType"/>
   <ns2:SchemaElement type="Fault" xsi:type="ns2:SchemaElementType"/>
   <ns2:SchemaElement type="InputParameter" xsi:type="ns2:SchemaElementType"/>
   <ns2:SchemaElement type="Operation" xsi:type="ns2:SchemaElementType"/>
   <ns2:SchemaElement type="Output" xsi:type="ns2:SchemaElementType"/>
   <ns2:SchemaElement type="Service" xsi:type="ns2:SchemaElementType"/>
   <ns2:SchemaElement type="ServiceContext" xsi:type="ns2:SchemaElementType"/>
  </ns2:Namespace>
  <ns2:Namespace generateStubs="false" location="./xsd/cagrid/types/common/common.xsd" namespace="gme://caGrid.caBIG/1.0/gov.nih.nci.cagrid.metadata.common" packageName="gov.nih.nci.cagrid.metadata.common" xsi:type="ns2:NamespaceType">
   <ns2:SchemaElement type="Address" xsi:type="ns2:SchemaElementType"/>
   <ns2:SchemaElement type="Enumeration" xsi:type="ns2:SchemaElementType"/>
   <ns2:SchemaElement type="PointOfContact" xsi:type="ns2:SchemaElementType"/>
   <ns2:SchemaElement type="ResearchCenter" xsi:type="ns2:SchemaElementType"/>
   <ns2:SchemaElement type="ResearchCenterDescription" xsi:type="ns2:SchemaElementType"/>
   <ns2:SchemaElement type="SemanticMetadata" xsi:type="ns2:SchemaElementType"/>
   <ns2:SchemaElement type="UMLAttribute" xsi:type="ns2:SchemaElementType"/>
   <ns2:SchemaElement type="UMLClass" xsi:type="ns2:SchemaElementType"/>
   <ns2:SchemaElement type="ValueDomain" xsi:type="ns2:SchemaElementType"/>
  </ns2:Namespace>
  <ns2:Namespace location="./1_gov.nih.nci.cagrid.CQLQuery.xsd" namespace="http://CQL.caBIG/1/gov.nih.nci.cagrid.CQLQuery" packageName="gov.nih.nci.cagrid.cqlquery" xsi:type="ns2:NamespaceType">
   <ns2:SchemaElement type="CQLQuery" xsi:type="ns2:SchemaElementType"/>
  </ns2:Namespace>
  <ns2:Namespace location="./1_gov.nih.nci.cagrid.CQLResultSet.xsd" namespace="http://CQL.caBIG/1/gov.nih.nci.cagrid.CQLResultSet" packageName="gov.nih.nci.cagrid.cqlresultset" xsi:type="ns2:NamespaceType">
   <ns2:SchemaElement type="CQLQueryResultCollection" xsi:type="ns2:SchemaElementType"/>
  </ns2:Namespace>
  <ns2:Namespace location="./CBM_CQLResultTypes.xsd" namespace="http://cbm.cagrid.org/CBM/CQLResultTypes" packageName="org.cagrid.cbm.cqlresulttypes" xsi:type="ns2:NamespaceType"/>
  <ns2:Namespace location="./xsd/cagrid/types/data/data.xsd" namespace="gme://caGrid.caBIG/1.0/gov.nih.nci.cagrid.metadata.dataservice" packageName="gov.nih.nci.cagrid.metadata.dataservice" xsi:type="ns2:NamespaceType">
   <ns2:SchemaElement type="DomainModel" xsi:type="ns2:SchemaElementType"/>
   <ns2:SchemaElement type="UMLAssociation" xsi:type="ns2:SchemaElementType"/>
   <ns2:SchemaElement type="UMLAssociationEdge" xsi:type="ns2:SchemaElementType"/>
   <ns2:SchemaElement type="UMLClass" xsi:type="ns2:SchemaElementType"/>
   <ns2:SchemaElement type="UMLClassReference" xsi:type="ns2:SchemaElementType"/>
   <ns2:SchemaElement type="UMLGeneralization" xsi:type="ns2:SchemaElementType"/>
  </ns2:Namespace>
  <ns2:Namespace generateStubs="false" location="./DataServiceExceptions.xsd" namespace="http://gov.nih.nci.cagrid.data/DataServiceExceptions" packageName="gov.nih.nci.cagrid.data.faults" xsi:type="ns2:NamespaceType">
   <ns2:SchemaElement type="MalformedQueryException" xsi:type="ns2:SchemaElementType"/>
   <ns2:SchemaElement type="QueryProcessingException" xsi:type="ns2:SchemaElementType"/>
  </ns2:Namespace>
  <ns2:Namespace generateStubs="false" location="./xsd/cagrid/types/caGridMetadata.xsd" namespace="gme://caGrid.caBIG/1.0/gov.nih.nci.cagrid.metadata" packageName="gov.nih.nci.cagrid.metadata" xsi:type="ns2:NamespaceType">
   <ns2:SchemaElement type="ServiceMetadata" xsi:type="ns2:SchemaElementType"/>
  </ns2:Namespace>
 </ns2:Namespaces>
 <ns3:Services xsi:type="ns3:ServicesType" xmlns:ns3="gme://gov.nih.nci.cagrid.introduce/1/Services" xmlns:xsi="http://www.w3.org/2001/XMLSchema-instance">
  <ns3:Service name="CBM" namespace="http://cbm.cagrid.org/CBM" packageName="org.cagrid.cbm" xsi:type="ns3:ServiceType">
   <ns4:Methods xsi:type="ns4:MethodsType" xmlns:ns4="gme://gov.nih.nci.cagrid.introduce/1/Methods">
    <ns4:Method isImported="true" isProvided="true" name="GetMultipleResourceProperties" xsi:type="ns4:MethodType">
     <ns4:Output qName="void" isArray="false"/>
     <ns5:MethodSecurity xsi:type="ns5:MethodSecurity" xmlns:ns5="gme://gov.nih.nci.cagrid.introduce/1/Security">
      <ns5:SecuritySetting xsi:type="ns5:SecuritySetting">None</ns5:SecuritySetting>
     </ns5:MethodSecurity>
     <ns4:ImportInformation fromIntroduce="false" inputMessage="ns6:GetMultipleResourcePropertiesRequest" namespace="http://docs.oasis-open.org/wsrf/2004/06/wsrf-WS-ResourceProperties-1.2-draft-01.wsdl" outputMessage="ns6:GetMultipleResourcePropertiesResponse" packageName="org.oasis.wsrf.properties" portTypeName="GetMultipleResourceProperties" wsdlFile="../wsrf/properties/WS-ResourceProperties.wsdl" xmlns:ns6="http://docs.oasis-open.org/wsrf/2004/06/wsrf-WS-ResourceProperties-1.2-draft-01.wsdl"/>
     <ns4:ProviderInformation providerClass="GetMRPProvider"/>
    </ns4:Method>
    <ns4:Method isImported="true" isProvided="true" name="GetResourceProperty" xsi:type="ns4:MethodType">
     <ns4:Output qName="void" isArray="false"/>
     <ns7:MethodSecurity xsi:type="ns7:MethodSecurity" xmlns:ns7="gme://gov.nih.nci.cagrid.introduce/1/Security">
      <ns7:SecuritySetting xsi:type="ns7:SecuritySetting">None</ns7:SecuritySetting>
     </ns7:MethodSecurity>
     <ns4:ImportInformation fromIntroduce="false" inputMessage="ns8:GetResourcePropertyRequest" namespace="http://docs.oasis-open.org/wsrf/2004/06/wsrf-WS-ResourceProperties-1.2-draft-01.wsdl" outputMessage="ns8:GetResourcePropertyResponse" packageName="org.oasis.wsrf.properties" portTypeName="GetResourceProperty" wsdlFile="../wsrf/properties/WS-ResourceProperties.wsdl" xmlns:ns8="http://docs.oasis-open.org/wsrf/2004/06/wsrf-WS-ResourceProperties-1.2-draft-01.wsdl"/>
     <ns4:ProviderInformation providerClass="GetRPProvider"/>
    </ns4:Method>
    <ns4:Method isImported="true" isProvided="true" name="QueryResourceProperties" xsi:type="ns4:MethodType">
     <ns4:Output qName="void" isArray="false"/>
     <ns9:MethodSecurity xsi:type="ns9:MethodSecurity" xmlns:ns9="gme://gov.nih.nci.cagrid.introduce/1/Security">
      <ns9:SecuritySetting xsi:type="ns9:SecuritySetting">None</ns9:SecuritySetting>
     </ns9:MethodSecurity>
     <ns4:ImportInformation fromIntroduce="false" inputMessage="ns10:QueryResourcePropertiesRequest" namespace="http://docs.oasis-open.org/wsrf/2004/06/wsrf-WS-ResourceProperties-1.2-draft-01.wsdl" outputMessage="ns10:QueryResourcePropertiesResponse" packageName="org.oasis.wsrf.properties" portTypeName="QueryResourceProperties" wsdlFile="../wsrf/properties/WS-ResourceProperties.wsdl" xmlns:ns10="http://docs.oasis-open.org/wsrf/2004/06/wsrf-WS-ResourceProperties-1.2-draft-01.wsdl"/>
     <ns4:ProviderInformation providerClass="QueryRPProvider"/>
    </ns4:Method>
    <ns4:Method isImported="true" isProvided="true" name="getServiceSecurityMetadata" xsi:type="ns4:MethodType">
     <ns4:Output qName="ns11:ServiceSecurityMetadata" isArray="false" isClientHandle="false" xmlns:ns11="gme://caGrid.caBIG/1.0/gov.nih.nci.cagrid.metadata.security"/>
     <ns12:MethodSecurity xsi:type="ns12:MethodSecurity" xmlns:ns12="gme://gov.nih.nci.cagrid.introduce/1/Security">
      <ns12:SecuritySetting xsi:type="ns12:SecuritySetting">None</ns12:SecuritySetting>
      <ns12:MethodAuthorization xsi:type="ns12:MethodAuthorization">
       <ns12:NoAuthorization xsi:type="ns12:NoAuthorization"/>
      </ns12:MethodAuthorization>
     </ns12:MethodSecurity>
     <ns4:ImportInformation namespace="http://security.introduce.cagrid.nci.nih.gov/ServiceSecurity" packageName="gov.nih.nci.cagrid.introduce.security.stubs" portTypeName="ServiceSecurityPortType" wsdlFile="ServiceSecurity.wsdl"/>
     <ns4:ProviderInformation providerClass="gov.nih.nci.cagrid.introduce.security.service.globus.ServiceSecurityProviderImpl"/>
    </ns4:Method>
    <ns4:Method description="The standard caGrid Data Service query method." isImported="true" isProvided="true" name="query" xsi:type="ns4:MethodType">
     <ns4:Inputs>
      <ns4:Input qName="ns13:CQLQuery" description="The CQL query to be executed against the data source." isArray="false" name="cqlQuery" xmlns:ns13="http://CQL.caBIG/1/gov.nih.nci.cagrid.CQLQuery"/>
     </ns4:Inputs>
     <ns4:Output qName="ns14:CQLQueryResultCollection" description="The result of executing the CQL query against the data source." isArray="false" xmlns:ns14="http://CQL.caBIG/1/gov.nih.nci.cagrid.CQLResultSet"/>
     <ns4:Exceptions>
      <ns4:Exception description="Thrown when an error occurs in processing a CQL query" name="QueryProcessingException" qname="ns15:QueryProcessingException" xmlns:ns15="http://gov.nih.nci.cagrid.data/DataServiceExceptions"/>
      <ns4:Exception description="Thrown when a query is found to be improperly formed" name="MalformedQueryException" qname="ns16:MalformedQueryException" xmlns:ns16="http://gov.nih.nci.cagrid.data/DataServiceExceptions"/>
     </ns4:Exceptions>
     <ns4:ImportInformation inputMessage="ns17:QueryRequest" namespace="http://gov.nih.nci.cagrid.data/DataService" outputMessage="ns17:QueryResponse" packageName="gov.nih.nci.cagrid.data" portTypeName="DataServicePortType" wsdlFile="DataService.wsdl" xmlns:ns17="http://gov.nih.nci.cagrid.data/DataService"/>
     <ns4:ProviderInformation providerClass="gov.nih.nci.cagrid.data.service.globus.DataServiceProviderImpl"/>
    </ns4:Method>
   </ns4:Methods>
   <ns18:ResourcePropertiesList xsi:type="ns18:ResourcePropertiesListType" xmlns:ns18="gme://gov.nih.nci.cagrid.introduce/1/Resources">
    <ns18:ResourceProperty qName="ns19:DomainModel" fileLocation="CBM_domainModel.xml" populateFromFile="true" register="true" xsi:type="ns18:ResourcePropertyType" xmlns:ns19="gme://caGrid.caBIG/1.0/gov.nih.nci.cagrid.metadata.dataservice"/>
    <ns18:ResourceProperty qName="ns20:ServiceMetadata" fileLocation="serviceMetadata.xml" populateFromFile="true" register="true" xsi:type="ns18:ResourcePropertyType" xmlns:ns20="gme://caGrid.caBIG/1.0/gov.nih.nci.cagrid.metadata"/>
   </ns18:ResourcePropertiesList>
   <ns3:ResourceFrameworkOptions xsi:type="ns3:ResourceFrameworkOptions">
    <ns3:Main xsi:type="ns3:Main"/>
    <ns3:Singleton xsi:type="ns3:Singleton"/>
    <ns3:Identifiable xsi:type="ns3:Identifiable"/>
    <ns3:ResourcePropertyManagement xsi:type="ns3:ResourcePropertyManagement"/>
   </ns3:ResourceFrameworkOptions>
  </ns3:Service>
 </ns3:Services>
 <ns21:Extensions xsi:type="ns21:ExtensionsType" xmlns:ns21="gme://gov.nih.nci.cagrid.introduce/1/Extension" xmlns:xsi="http://www.w3.org/2001/XMLSchema-instance">
  <ns21:Extension name="cagrid_metadata" version="1.3" xsi:type="ns21:ExtensionType"/>
  <ns21:Extension name="data" version="1.3" xsi:type="ns21:ExtensionType">
   <ns21:ExtensionData>
    <ns22:Data xsi:type="ns22:Data" xmlns:ns22="http://CQL.caBIG/1/gov.nih.nci.cagrid.data.extension">
         <ns22:ServiceFeatures serviceStyle="caCORE SDK v 4.3" useBdt="false" useGridIdeitifiers="false" useWsEnumeration="false" xsi:type="ns22:ServiceFeatures"/>

         <ns22:ModelInformation source="preBuilt" xsi:type="ns22:ModelInformation">
          <ns23:UMLProjectIdentifer identifier="CBM" version="1.0" xsi:type="ns23:UMLProjectIdentifer" xmlns:ns23="gme://caGrid.caBIG/1.0/org.cagrid.mms.domain"/>

          <ns22:ModelPackage packageName="gov.nih.nci.cbm.domain.LogicalModel" xsi:type="ns22:ModelPackage">
           <ns22:ModelClass selected="true" shortClassName="CollectionProtocol" targetable="true" xsi:type="ns22:ModelClass"/>

           <ns22:ModelClass selected="true" shortClassName="SpecimenCollectionContact" targetable="true" xsi:type="ns22:ModelClass"/>

           <ns22:ModelClass selected="true" shortClassName="Diagnosis" targetable="true" xsi:type="ns22:ModelClass"/>

           <ns22:ModelClass selected="true" shortClassName="Address" targetable="true" xsi:type="ns22:ModelClass"/>

           <ns22:ModelClass selected="true" shortClassName="Organization" targetable="true" xsi:type="ns22:ModelClass"/>

           <ns22:ModelClass selected="true" shortClassName="Preservation" targetable="true" xsi:type="ns22:ModelClass"/>

           <ns22:ModelClass selected="true" shortClassName="Race" targetable="true" xsi:type="ns22:ModelClass"/>

           <ns22:ModelClass selected="true" shortClassName="SpecimenCollectionSummary" targetable="true" xsi:type="ns22:ModelClass"/>

           <ns22:ModelClass selected="true" shortClassName="ParticipantCollectionSummary" targetable="true" xsi:type="ns22:ModelClass"/>

           <ns22:ModelClass selected="true" shortClassName="Institution" targetable="true" xsi:type="ns22:ModelClass"/>

           <ns22:ModelClass selected="true" shortClassName="Person" targetable="true" xsi:type="ns22:ModelClass"/>

           <ns22:ModelClass selected="true" shortClassName="AnnotationAvailabilityProfile" targetable="true" xsi:type="ns22:ModelClass"/>

           <ns22:ModelClass selected="true" shortClassName="SpecimenAvailabilitySummaryProfile" targetable="true" xsi:type="ns22:ModelClass"/>

      </ns22:ModelPackage>

     </ns22:ModelInformation>

    </ns22:Data>
   </ns21:ExtensionData>
  </ns21:Extension>
 </ns21:Extensions>
 <ns22:ServiceProperties xmlns:ns22="gme://gov.nih.nci.cagrid.introduce/1/Property">
  <ns22:Property description="" isFromETC="false" key="queryProcessorClass" value="org.cagrid.iso21090.sdkquery.processor.SDK43QueryProcessor"/>
  <ns22:Property description="" isFromETC="false" key="dataService_domainModelValidatorClass" value="org.cagrid.iso21090.model.validator.ISODomainModelValidator"/>
  <ns22:Property description="" isFromETC="false" key="cqlQueryProcessorConfig_applicationName" value="CBM"/>
  <ns22:Property description="" isFromETC="false" key="cqlQueryProcessorConfig_useLocalApiFlag" value="true"/>
  <ns22:Property description="" isFromETC="false" key="cqlQueryProcessorConfig_applicationHostName" value=""/>
  <ns22:Property description="" isFromETC="false" key="cqlQueryProcessorConfig_applicationHostPort" value=""/>
  <ns22:Property description="" isFromETC="false" key="cqlQueryProcessorConfig_useHttpsUrl" value="false"/>
  <ns22:Property description="" isFromETC="false" key="cqlQueryProcessorConfig_useStaticLogin" value="false"/>
  <ns22:Property description="" isFromETC="false" key="cqlQueryProcessorConfig_useGridIdentityLogin" value="false"/>
  <ns22:Property description="" isFromETC="false" key="cqlQueryProcessorConfig_staticLoginPass" value=""/>
  <ns22:Property description="" isFromETC="false" key="cqlQueryProcessorConfig_staticLoginUser" value=""/>
  <ns22:Property description="The location of the server-config.wsdd file" isFromETC="true" key="serverConfigLocation" value="server-config.wsdd"/>
  <ns22:Property description="The name of the class to use for CQL query structure validation" isFromETC="false" key="dataService_cqlValidatorClass" value="gov.nih.nci.cagrid.data.cql.validation.ObjectWalkingCQLValidator"/>
  <ns22:Property description="" isFromETC="false" key="dataService_validateCqlFlag" value="true"/>
  <ns22:Property description="" isFromETC="false" key="dataService_validateDomainModelFlag" value="true"/>
  <ns22:Property description="The name of the file containing the class name to QName mapping" isFromETC="true" key="dataService_classMappingsFilename" value="classToQname.xml"/>
 </ns22:ServiceProperties>
</ns1:ServiceDescription>
